{
    "limiar_padrao_0.5": {
        "0": {
            "precision": 0.963383187209902,
            "recall": 0.7143403441682601,
            "f1-score": 0.8203776899429074,
            "support": 2615.0
        },
        "1": {
            "precision": 0.10108303249097472,
            "recall": 0.5419354838709678,
            "f1-score": 0.17038539553752535,
            "support": 155.0
        },
        "accuracy": 0.7046931407942238,
        "macro avg": {
            "precision": 0.5322331098504384,
            "recall": 0.6281379140196139,
            "f1-score": 0.4953815427402164,
            "support": 2770.0
        },
        "weighted avg": {
            "precision": 0.9151317345090234,
            "recall": 0.704693140794224,
            "f1-score": 0.784006279967155,
            "support": 2770.0
        }
    },
    "limiar_otimo": {
        "valor": 0.5771559654955155,
        "report": {
            "0": {
                "precision": 0.9601626016260163,
                "recall": 0.9032504780114723,
                "f1-score": 0.9308374384236453,
                "support": 2615.0
            },
            "1": {
                "precision": 0.18387096774193548,
                "recall": 0.36774193548387096,
                "f1-score": 0.24516129032258063,
                "support": 155.0
            },
            "accuracy": 0.8732851985559567,
            "macro avg": {
                "precision": 0.5720167846839759,
                "recall": 0.6354962067476716,
                "f1-score": 0.587999364373113,
                "support": 2770.0
            },
            "weighted avg": {
                "precision": 0.9167239000909865,
                "recall": 0.8732851985559567,
                "f1-score": 0.892469278511853,
                "support": 2770.0
            }
        }
    }
}