{
    "auc_roc": 0.6885746006291248,
    "pr_auc": 0.14219108689627694,
    "classification_report": {
        "0": {
            "precision": 0.963383187209902,
            "recall": 0.7143403441682601,
            "f1-score": 0.8203776899429074,
            "support": 2615.0
        },
        "1": {
            "precision": 0.10108303249097472,
            "recall": 0.5419354838709678,
            "f1-score": 0.17038539553752535,
            "support": 155.0
        },
        "accuracy": 0.7046931407942238,
        "macro avg": {
            "precision": 0.5322331098504384,
            "recall": 0.6281379140196139,
            "f1-score": 0.4953815427402164,
            "support": 2770.0
        },
        "weighted avg": {
            "precision": 0.9151317345090234,
            "recall": 0.704693140794224,
            "f1-score": 0.784006279967155,
            "support": 2770.0
        }
    }
}