{
    "auc_roc": 0.6933325109480046,
    "pr_auc": 0.14287240457832703,
    "classification_report": {
        "0": {
            "precision": 0.9655526992287917,
            "recall": 0.7181644359464627,
            "f1-score": 0.8236842105263158,
            "support": 2615.0
        },
        "1": {
            "precision": 0.10666666666666667,
            "recall": 0.567741935483871,
            "f1-score": 0.17959183673469387,
            "support": 155.0
        },
        "accuracy": 0.7097472924187725,
        "macro avg": {
            "precision": 0.5361096829477292,
            "recall": 0.6429531857151669,
            "f1-score": 0.5016380236305048,
            "support": 2770.0
        },
        "weighted avg": {
            "precision": 0.917492289464485,
            "recall": 0.7097472924187725,
            "f1-score": 0.7876429405127052,
            "support": 2770.0
        }
    }
}