{
    "auc_roc": 0.697446493554555,
    "pr_auc": 0.1441016253207835,
    "classification_report": {
        "0": {
            "precision": 0.9654989384288747,
            "recall": 0.6956022944550669,
            "f1-score": 0.8086241386974883,
            "support": 2615.0
        },
        "1": {
            "precision": 0.10158013544018059,
            "recall": 0.5806451612903226,
            "f1-score": 0.1729106628242075,
            "support": 155.0
        },
        "accuracy": 0.6891696750902527,
        "macro avg": {
            "precision": 0.5335395369345276,
            "recall": 0.6381237278726948,
            "f1-score": 0.4907674007608479,
            "support": 2770.0
        },
        "weighted avg": {
            "precision": 0.9171569115468358,
            "recall": 0.6891696750902527,
            "f1-score": 0.7730517239825574,
            "support": 2770.0
        }
    }
}