{
    "limiar_padrao_0.5": {
        "0": {
            "precision": 0.9706893728508269,
            "recall": 0.6918767507002801,
            "f1-score": 0.8079045996592845,
            "support": 8568.0
        },
        "1": {
            "precision": 0.09340659340659341,
            "recall": 0.6031042128603105,
            "f1-score": 0.16176033303597978,
            "support": 451.0
        },
        "accuracy": 0.6874376316664819,
        "macro avg": {
            "precision": 0.5320479831287102,
            "recall": 0.6474904817802953,
            "f1-score": 0.48483246634763216,
            "support": 9019.0
        },
        "weighted avg": {
            "precision": 0.9268203703528394,
            "recall": 0.6874376316664819,
            "f1-score": 0.7755938042000196,
            "support": 9019.0
        }
    },
    "limiar_otimo": {
        "valor": 0.6980997386092512,
        "report": {
            "0": {
                "precision": 0.962063549595264,
                "recall": 0.9293884220354809,
                "f1-score": 0.94544375185515,
                "support": 8568.0
            },
            "1": {
                "precision": 0.18463611859838275,
                "recall": 0.30376940133037694,
                "f1-score": 0.22967309304274938,
                "support": 451.0
            },
            "accuracy": 0.898104002661049,
            "macro avg": {
                "precision": 0.5733498340968234,
                "recall": 0.6165789116829289,
                "f1-score": 0.5875584224489496,
                "support": 9019.0
            },
            "weighted avg": {
                "precision": 0.9231878681029041,
                "recall": 0.898104002661049,
                "f1-score": 0.9096512507880258,
                "support": 9019.0
            }
        }
    }
}