{
    "limiar_padrao_0.5": {
        "0": {
            "precision": 0.9639874739039666,
            "recall": 0.7063097514340344,
            "f1-score": 0.8152725667623041,
            "support": 2615.0
        },
        "1": {
            "precision": 0.10070257611241218,
            "recall": 0.5548387096774193,
            "f1-score": 0.17046580773042616,
            "support": 155.0
        },
        "accuracy": 0.6978339350180506,
        "macro avg": {
            "precision": 0.5323450250081894,
            "recall": 0.6305742305557269,
            "f1-score": 0.49286918724636514,
            "support": 2770.0
        },
        "weighted avg": {
            "precision": 0.9156809182513705,
            "recall": 0.6978339350180506,
            "f1-score": 0.7791913221233362,
            "support": 2770.0
        }
    },
    "limiar_otimo": {
        "valor": 0.7060193052617486,
        "report": {
            "0": {
                "precision": 0.9539877300613497,
                "recall": 0.9514340344168261,
                "f1-score": 0.9527091709745357,
                "support": 2615.0
            },
            "1": {
                "precision": 0.21604938271604937,
                "recall": 0.22580645161290322,
                "f1-score": 0.22082018927444794,
                "support": 155.0
            },
            "accuracy": 0.9108303249097472,
            "macro avg": {
                "precision": 0.5850185563886996,
                "recall": 0.5886202430148646,
                "f1-score": 0.5867646801244918,
                "support": 2770.0
            },
            "weighted avg": {
                "precision": 0.9126951510582733,
                "recall": 0.9108303249097472,
                "f1-score": 0.9117550943812094,
                "support": 2770.0
            }
        }
    }
}